{
  "type": "GenericCrafter",
  "name": "крео-прес",
  "description": "ggg",
  "health": 200,
  "size": 2,
  "buildCostMultiplier": 0.6,
  "craftEffect": "bubble",
  "requirements": [
    { "item": "metaglass", "amount": 20},
	{ "item": "titanium", "amount": 20}
  ],
  "hasPower": true,
  "research": "cryofluid-mixer",
  "hasItems": true,
  "hasLiquids": true,
  "craftTime": 5,
 "consumes": {
    "power": 0.25,
    "liquid": {
		"liquid": "cryofluid",
		"amount": 0.666666666666667
	},
	"items": {
      "items": [
		{ "item": "lead", "amount": 3}
      ]
    }
  },
  "updateEffect": "smeltsmoke",
  "category": "crafting",
  "idleSoundVolume": 0.5,
  "itemCapacity": 10,
  "liquidCapacity": 10
  "outputItem": { "item": "Creo_cube", "amount": 1}
}