{
  "type": "GenericCrafter",
  "name": "плавильня металита",
  "description": "ggg",
  "health": 200,
  "size": 2,
  "buildCostMultiplier": 0.6,
  "research": "kiln",
  "craftEffect": "explosion",
  "requirements": [
    { "item": "copper", "amount": 20},
	{ "item": "graphite", "amount": 10},
	{ "item": "titanium", "amount": 20}
  ],
  "hasPower": true,
  "hasItems": true,
  "hasLiquids": false,
  "craftTime": 5,
  "consumes": {
    "power": 0.25,
    "items": {
      "items": [
        { "item": "pyratite", "amount": 1},
		{ "item": "lead", "amount": 3},
		{"item": "titanium", "amount": 2}
      ]
    }
  },
  "updateEffect": "smeltsmoke",
  "category": "crafting",
  "idleSoundVolume": 0.5,
  "itemCapacity": 10,
  "outputItem": { "item": "metalit", "amount": 1}
}