{
    "type": "NuclearReactor",
    "health": 340,
    "size": 2,
	"name": "ядерный реактор"
    "hasPower": true,
    "hasLiquids": true,
    "hasItems": true,
    "placeableLiquid": false,
    "buildCostMultiplier": 0.6,
    "powerProduction": 6,
	"consumes": {
		"liquid": {
			"liquid": "water",
			"amount": 1
		},
		"items": {
		"items": [
        { "item": "uranium", "amount": 1}
		]
		}
	},
    "requirements": [
        {
            "item": "lead",
            "amount": 80
        },
        {
            "item": "metalit",
            "amount": 50
        }
    ],
    "category": "power",
    "research": "differential-generator"
}